# Explicit focus links supplement broad strands. Exact track identifiers, no keyword matching.
triangle-properties triangle-side-classification triangle-angle-interpretations angle-measures|right-triangles triangle-length-reasoning right-triangle-converse|supporting|Triangle sides and angles identify the right-triangle setting used by the Pythagorean theorem.|Only the right-triangle branch uses a² + b² = c²; general triangle classification is related preparation.
triangle-area-method triangle-area-production|right-triangles triangle-length-reasoning|application|A perpendicular altitude creates right triangles and can connect side lengths with triangle area.|The selected area variant may supply its height directly; preview before combining tasks.
prime-factorization prime-factor-methods prime-decomposition common-factors-multiples factor-testing|factoring factoring-structure factor-then-trinomial monomial-common-multiple|supporting|Numerical factors and common factors connect to extracting or recognizing algebraic factors.|Polynomial identities and trinomial methods add structure beyond numerical prime factorization.
prime-factor-methods prime-decomposition|common-factors-multiples|application|Comparing prime decompositions supports finding common factors and common multiples.|Minimum powers give a GCF and maximum powers an LCM; they answer different questions.
fraction-equivalence fraction-equivalence-models|common-factors-multiples prime-factorization|supporting|Common factors reduce fractions and common multiples provide denominator choices.|Reduction and denominator conversion have different goals.
right-triangles triangle-length-reasoning|coordinate-distance coordinate-distance-practice|application|Coordinate differences give perpendicular legs for a distance calculation.|Distance-to-line and coordinate-reading variants may not require two-dimensional Pythagorean calculation.
right-triangles right-triangle-converse|powers root-evaluation power-root-inverses|supporting|Squaring and square roots are the numerical operations in right-triangle side calculations.|A powers provider may include non-square branches; choose the desired preview.
trigonometry special-right-triangle-ratios|triangle-properties triangle-angle-interpretations|supporting|Triangle angle and side language identifies opposite, adjacent and hypotenuse relationships.|Trigonometric ratios use a specified acute angle in a right triangle.
line-table-graph line-graph-methods|graph-selection-production experimental-data|representation|Tables, line equations and plotted coordinates express a linear relationship.|Measured-data models are estimates, not exact identities.
rectangle-measure-production area-rectilinear|rectangular-volume-practice solid-surface|application|Rectangle area becomes a prism base or one of its faces.|Check whether the task asks for enclosed volume or total surface area.
unit-dimensions cubic-unit-models|unit-language|representation|Squared and cubed unit notation records two- and three-dimensional measurement.|Naming units does not by itself practice conversion.
