1	Counting/whole boundary including zero, signed/noninteger counterexamples; four operations and operand positions; money notation in both directions; three variable-expression forms; whole/decimal products and division with remainder/mixed representation.
2	Six operation properties with addition/multiplication; equality construction retained; constant-difference sequences; all four subtraction/division noncommutative/nonassociative counterexample forms.
3	One-step equations across four operations and either operand position; positive whole-number solutions.
4	Signed-number order, comparison including equality, and signed addition/subtraction on a number line.
5	Every whole-number place from ones through hundred trillions, internal zeros and zero itself; words/digits/expanded form/value.
6	All factors including 1, GCF including equal numbers; each specified divisor 2,3,4,5,6,8,9,10 and rule evidence.
7	Dimension 0–3; draw/define/label five geometric objects; parallel/perpendicular/oblique lines; acute/right/obtuse/straight angles.
8	Part/whole fraction and percent, both fraction parts, mixed-number number lines, percent above 100, sixteenth-inch ruler reading/drawing, graduation precision and hundred-grid fractions.
9	Like-denominator fractions and mixed numbers; products/reciprocals; reciprocal equation method; grouped and ungrouped addition/subtraction with multiplication.
10	Division/improper/mixed conversions including whole-number results and numerator equal to denominator.
11	Combining and separating stories; solve, equation writing and original-story writing remain distinct assessment demands.
12	Comparison stories with solve/equation/write demands; elapsed minutes on five-minute clock times within one morning.
13	Equal-group total, group size and group count unknowns; solve/equation/write demands all preserved.
14	Known-whole fractional part in solve/equation/write forms; multi-step hundreds/tens/ones model calculation.
15	Equivalent fractions by multiplication, reduction with explanation, and unreduced equivalent distractors.
16	Seven customary conversions both directions; realistic length/capacity/mass/temperature estimates; subunit as a percent of larger unit.
17	Protractor baselines in both directions; all four angle classes; physical protractor construction; fraction-of-circle percent/degree conversion.
18	Polygon side count/naming/regularity; rectangle and triangle similarity/congruence; both true and false similarity claims.
19	Triangle, pentagon and concave rectilinear perimeter; regular polygon side from perimeter.
20	Powers in symbols/words/units; length versus area; rectangle/square areas; perfect-square integer/fraction roots; same-base product/quotient laws.
21	Prime/composite identification in intervals, sum of primes; full prime factorization, factor tree and division-by-primes remain distinct methods.
22	Fraction of a group via drawn grouping; percent-to-fraction conversion before solving required.
23	Mixed subtraction with borrowing, including subtracting from an integer.
24	Prime-factor cancellation yielding nonunit as well as unit reduced fractions; general two-number GCF.
25	Unit-fraction pieces in integer and fractional wholes; whole/fraction and fraction/fraction division.
26	Mixed-number multiplication and division, with improper-fraction conversion shown.
27	Multiples, common multiples and LCM of two or three numbers; listing versus prime-factor method retained; equivalent mental division.
28	Four two-step word-problem structures across all four operations; mean of variable data.
29	Whole rounding to tens/hundreds with explanation, mixed-to-whole rounding; estimates using all four operations on rounded operands.
30	Unlike-denominator renaming/comparison/addition/subtraction; exact reduced answers and signed differences.
31	Hundred-grid decimal; decimal-to-fraction; decimal places through ten-thousandths; reading/writing decimals with zeros.
32	Decimal-system explanation; metric length/capacity/mass conversion both ways; six prefixes and three base units; Celsius/Fahrenheit comparisons including equal.
33	Decimal comparisons including equal, four-value order, rounding to tenths/hundredths.
34	Centimeter ruler tenths; decimal number-line construction/reading; metric length conversion both directions.
35	Decimal addition/subtraction, multiplication and division by a whole number, with exact decimal results.
36	Four ratio notations with context; parts and total; single-draw probability with explicitly equally likely counters.
37	Right/acute/obtuse triangle base and altitude, triangle area; L-shaped area by partition versus subtraction.
38	Pictograph scaled differences; bar/line reading, changes and totals; circle graph category amount from equal sectors.
39	Cross-product equality and inequality, all four missing proportion positions.
40	Physical triangle-angle sum demonstration; missing triangle angle; four angle relationship definitions; diagram-based complement/supplement/vertical calculations.
41	Volume, perimeter, distance and triangle-area formula substitution; numerical distributive method shown.
42	Repeating-block bar notation and exact final rounding of recurring decimal fractions.
43	Decimal-to-fraction, fraction/mixed-to-decimal, percent-to-decimal; full equivalence sets starting from fraction/decimal/percent.
44	Remainder, mixed-number and terminating decimal forms with remainder interpretation explained.
45	Division by a decimal through equivalent scaling; terminating exact quotient.
46	Unit price, constant speed, sales tax and tips; final-only half-up cents rounding explicit.
47	Whole place values as powers of ten; expanded power form with zeros; multiplication/division by positive powers of ten.
48	Visual part-whole equivalence and symbolic fraction/decimal/percent equivalence starting from all three forms.
49	Addition of hours/minutes, feet/inches, pounds/ounces and liters/milliliters; carrying where required.
50	Both reciprocal unit multipliers and dimensionally correct cancellation shown for conversions.
51	Normalized scientific notation for large values, both directions.
52	Four precedence forms covering grouping, powers, left-to-right multiplication/division and addition/subtraction; numerical and variable forms.
53	Reciprocal rate forms with units; multiplication by correctly oriented rate.
54	Known-part ratio stories with ratio-box and proportion methods kept distinct.
55	Mean-to-total, missing datum and weighted combined mean.
56	Subtraction of time, customary length/mass and metric capacity with borrowing.
57	Zero/negative exponents, small scientific notation both directions and comparison.
58	Reflection symmetry including zero/three/four/two lines; linear rule inference; missing input or output.
59	Absolute value including zero; integer addition through student-drawn number-line movement.
60	Fraction/percent part-of-known-whole translated to equations; conversion method visible.
61	Parallelogram area using perpendicular height and opposite/supplementary angles.
62	Three angle and three side classifications; all six orderings of angles-to-opposite-sides.
63	Three grouping-symbol names; nested expression evaluation.
64	Signed integer addition with three terms; no number-line substitution.
65	Part/whole ratio from total: ratio-box and proportion methods distinct.
66	Hands-on circumference/diameter measurements; radius or diameter to circumference; decimal/fraction approximations distinguished from exact pi.
67	Six solids including pyramid and triangular prism; prism/pyramid topology; prism drawing; cube/rectangular-prism nets; net-based surface area.
68	Algebraic addition rewriting explicitly reviewed before simplification.
69	Combine signed powers of ten and normalize a non-normalized coefficient.
70	Rectangular and triangular prism volume.
71	Whole from known fractional part, with numerical and bar-diagram methods distinct.
72	Implicit red/blue ratio in a scaled pattern.
73	Signed multiplication/division across all sign combinations.
74	Whole from known fractional part, shared with 71.1 without deleting either lesson.
75	Rectangle/triangle composite area and trapezoid area with perpendicular heights.
76	Complex fractions as division of rational numbers.
77	Unknown whole in percent equations with translation and solution shown.
78	Inclusive inequality wording; all four one-variable rays with endpoint inclusion.
79	Sufficient/insufficient story evidence; greater/less/equal/insufficient quantitative comparisons.
80	Reflections in axes and diagonal lines, signed translations, quarter/half/three-quarter rotations; correspondence drawings remain teacher reviewed.
81	Percent proportion with part, whole or percent unknown.
82	Circle area from radius using explicit pi approximation.
83	Signed power-of-ten products; normalized scientific-notation products.
84	Collect linear terms and constants, including zero/negative coefficients.
85	Signed-operation precedence; function-table output from a stated linear rule.
86	Counting/whole/integer/rational classification and nesting explanation; no irrational-classification claim for this lesson.
87	Products of two algebraic monomials in two variables, adding matching exponents.
88	Two-step length/capacity conversion in either direction; squared unit conversions in either direction.
89	Draw polygon diagonals; interior/exterior sums versus per-angle regular-polygon measures.
90	Mixed-number and negative coefficient equations; exact solutions.
91	Negative-variable substitution including squares; left-to-right unparenthesized subtraction.
92	Change versus part-whole recognition; ratio-box increase/decrease with original/final/percent unknown.
93	Two-step equations; two-step inequalities with positive/negative coefficient and strict/inclusive endpoints, including graph.
94	Two-/three-stage coin tree; independent coins/dice/replacement and dependent same-/different-color draws.
95	Right cylinder, rectangular prism and triangular prism volume via base area times height.
96	Angle estimates with disclosed 10-degree tolerance and benchmark explanation; symbolic distribution plus collecting terms.
97	Four vertex correspondences, missing similar-triangle side, indirect height through equal-angle shadow proportions.
98	Map/actual distance both directions; enlargement/reduction factors and resulting lengths.
99	Missing hypotenuse or leg for exact Pythagorean triples; approximation handled separately in Lesson 100.
100	Bounding nonperfect roots, nearest-tenth approximation, rational/irrational number-line positioning.
101	Three phrase/grouping forms; geometry-to-equation rectangle problem.
102	Eight angles of a parallel transversal, four special pair types, simplification before solving.
103	Product sign parity, negative-base integer powers, cancellation of common monomial factors with nonzero-domain condition.
104	Semicircle arc/area and other sector arc/area at stated angles; radius given and pi convention explicit.
105	Right rectangular/triangular prism and closed-cylinder total surface areas; sphere area; two roots of positive perfect squares and signed perfect cube roots.
INV1	Student-created fraction-circle arithmetic and equivalence with percent interpretation; equal-size wholes mandatory.
INV2	Compass concentric circles, hexagon/equilateral triangle, 4/6/8 sectors, measured central/inscribed angles and circle terminology.
INV3	Axes/origin/all quadrants; coordinate read/plot in all quadrants and on both axes.
INV4	Odd/even data, repeated/multiple/no modes, range and median; stem plots, explicit quartile convention, box-plot creation and interpretation.
INV5	Histogram with stated bins, double-line graph with key, circle graphs with four count distributions.
INV6	Inclusive quadrilateral classification/nesting; square/rectangle/rhombus reflection symmetry and parallelogram half-turn center.
INV7	Balance model and signed addition equations with substitution check.
INV8	All four compass constructions: segment bisector, inscribed square, angle bisector, inscribed octagon.
INV9	Discrete versus continuous linear graph domains; graph reading; contextual equation/table/graph production.
COURSE106	Literal linear equation isolation with nonzero coefficient; triangle-area formula rearrangement and substitution.
COURSE107	Signed/zero slopes from points; zero versus undefined slopes separately.
COURSE108	Signed quadratic formula evaluation; geometric formula selection with units.
COURSE109	Two real square-equation solutions and signed cube-equation solutions.
COURSE110	Simple interest, annual two-year compound interest, successive discounts; explicit monetary units.
COURSE111	Scientific-notation division and exponent subtraction with normalized output; bounded coefficient quotients 2–4.
COURSE112	Pythagorean ladder context and right-triangle converse, both yes/no cases.
COURSE113	Rectangular pyramid, cone and sphere volumes; perpendicular heights and stated pi approximation.
COURSE114	Linear half-plane with all four inequality senses, correct solid/dashed boundary and shade direction.
COURSE115	Cubic centimeters/milliliters/liters; mass conversion using explicitly assumed water density.
COURSE116	Greatest common integer and monomial factor, checked by distribution.
COURSE117	Slope/intercept reading and line drawing with signed slopes.
COURSE118	Compass/straightedge angle copy and SSS triangle copy; construction arcs retained.
COURSE119	Zero numerator versus zero denominator including 0/0; excluded variable denominator value.
COURSE120	Quadratic table/sketch and reciprocal two-branch sketch with domain restriction; fixed canonical reciprocal is deliberate.
COURSE210	Experimental/theoretical probability, odds-to-probability, design/record/interpret coin experiment.
COURSE211	Length/area/volume powers and inverse recovery from area or volume ratio.
COURSE212	Area-rearrangement Pythagorean proof with central-square justification; fixed general proof is intentional.
COURSE213	Binary/decimal both directions and Roman numerals including subtractive forms, both directions.
